val_loss,val_acc,epoch,step
0.79463791847229,0.8207200169563293,0,0
