val_loss,val_acc,epoch,step
0.8345162272453308,0.8175399899482727,0,0
