val_loss,val_acc,epoch,step
0.8038075566291809,0.8206599950790405,0,0
