val_loss,val_acc,epoch,step
0.8345069289207458,0.8175399899482727,0,0
