val_loss,val_acc,epoch,step
0.8173061013221741,0.815779983997345,0,0
