val_loss,val_acc,epoch,step
0.9278581738471985,0.8128600120544434,0,0
