val_loss,val_acc,epoch,step
7.204888343811035,0.0017000000225380063,0,0
