val_loss,val_acc,epoch,step
0.7946394681930542,0.8206599950790405,0,0
