val_loss,val_acc,epoch,step
4.8206400871276855,0.6263800263404846,0,0
