val_loss,val_acc_step,epoch,step
0.7946301698684692,0.8206200003623962,0,0
