val_loss,val_acc,epoch,step
0.8038122057914734,0.8207200169563293,0,0
